{
    "WT-M350": {
        "m1 to m1": [
            0.5083366942865906,
            0.6474410998340511,
            1.060652097979938,
            1.0901075804011209,
            1.3106373426143225,
            1.2775236897332476,
            1.980526194792147
        ],
        "dcn to m1": [
            0.5665887923304658,
            0.3463929268558198,
            0.24550301213499995,
            0.5969738521702529,
            0.9131766708206246,
            0.56845477058883,
            0.6114684856526115
        ],
        "str to m1": [
            0.3163218458257604,
            0.5249679864086555,
            0.23982812005125598,
            0.7440271636273856,
            0.825492646433652,
            1.4036679235709957,
            1.512714242645616
        ],
        "m1 to dcn": [
            0.48765177897425216,
            0.7064522475626437,
            1.1084153509846917,
            1.5303108414650342,
            0.7742455239538014,
            1.1117100464189975,
            1.5464494419416137
        ],
        "dcn to dcn": [
            0.20417220815192222,
            0.2531236538582081,
            0.12327826638217598,
            0.20498716057471825,
            0.21438062249183923,
            0.3725859577717207,
            0.19316443847601708
        ],
        "str to dcn": [
            0.4819328673098192,
            0.8018046013139675,
            0.17506400389239496,
            0.9565909868013891,
            0.823712818568877,
            0.7528363173166579,
            1.5756063525168194
        ],
        "m1 to str": [
            0.6020259477323889,
            0.6934987303152605,
            0.9175431286438293,
            0.9669819963026792,
            0.8983402119795869,
            1.1546108478428652,
            1.3821106655557334
        ],
        "dcn to str": [
            0.1783883842505141,
            0.42684854770003683,
            0.26556870578641817,
            0.5223066348824872,
            0.5882336547200518,
            0.4122727771020432,
            0.5735384899893196
        ],
        "str to str": [
            0.5711392209339567,
            0.5162097316599416,
            0.322750544413016,
            0.536198289538215,
            0.7494375337681097,
            1.1448935423288302,
            1.429506399617867
        ]
    },
    "WT-M355": {
        "m1 to m1": [
            0.3444238438992571,
            0.46455048650583886,
            0.8537379989752525,
            1.1865514479796073,
            0.8090315544306127,
            0.553616268031688,
            0.680139385010011,
            0.40488379740672736,
            0.8331412780137968,
            0.8365384393704346,
            0.888814368929101,
            1.781207814561762,
            1.1835886409730125,
            0.9273229637400493,
            0.35417621187604204,
            1.4969820643792793,
            0.7687073439474083,
            0.9310526078916266,
            1.0497130536840278,
            0.9223938729907044
        ],
        "dcn to m1": [
            0.29761388549280143,
            0.32058518464306296,
            0.6589786402497925,
            0.34215241756428916,
            0.8833367131841264,
            0.1245942138918532,
            0.9890127848182086,
            1.1268602286203135,
            0.4900572368060104,
            0.8666100037181693,
            0.6415050756150428,
            0.39600178654080087,
            1.405805418869795,
            0.9264230976580002,
            0.3807525574630508,
            0.5773942269308446,
            0.5866419726829772,
            0.33055256090347673,
            0.3577469473890228,
            0.4945990793049435
        ],
        "str to m1": [
            0.30399986784145655,
            0.44469237898564035,
            0.988171484674309,
            0.3095279257811237,
            0.427866865161498,
            0.13965838063408448,
            0.4237882675061608,
            0.5464835205416118,
            0.351630929890222,
            0.5333670306737908,
            1.068518753325335,
            0.5601238434708655,
            0.6235165207517339,
            0.6369955735443236,
            0.3798914163051119,
            0.5875857741583919,
            0.7958708959092432,
            0.43441012257236267,
            0.7148657483490937,
            0.8756979432359769
        ],
        "m1 to dcn": [
            0.4820886054425507,
            0.7336331662706107,
            0.7849497968423885,
            0.5855648501079181,
            0.6399337110131808,
            0.703947259736681,
            0.6300087472108408,
            0.996776064276018,
            0.4324115822320642,
            0.7811225441848032,
            0.628594159151522,
            0.5316498724915837,
            1.6662085288668569,
            0.6104136001345002,
            0.4704872175837493,
            0.7205498988661,
            0.6440447661387843,
            0.8903679042831787,
            0.5072044945876358,
            0.6439787690553147
        ],
        "dcn to dcn": [
            0.41014679495233225,
            0.3774330573113716,
            0.6531406569850037,
            0.4138361055807663,
            0.40642826141428834,
            0.057134614914258475,
            0.5780188418529967,
            1.2814478571341934,
            0.48106691871436486,
            0.6777975076494814,
            0.3004814260749381,
            0.5609825986525915,
            1.2705674239058349,
            0.7018102736609847,
            0.3701578331205605,
            0.5061126595660319,
            0.4932736472984763,
            0.1929639140838314,
            0.20528823826763773,
            0.21850620446250174
        ],
        "str to dcn": [
            0.2889241440123966,
            0.4188408880800308,
            1.443036118360916,
            0.4294596077446935,
            0.5628846148332851,
            0.449106605270338,
            0.26373723754386824,
            0.6238274353593881,
            0.48599983938337643,
            0.5683923972063832,
            0.9242292815148581,
            0.6583314187377332,
            0.7258127553295562,
            0.660525209335643,
            0.3986933594848962,
            0.3954668925826113,
            0.6432094578801031,
            0.41089908630052946,
            0.5193486004477055,
            0.7021095220836571
        ],
        "m1 to str": [
            0.41132486427377835,
            0.6183550367142457,
            0.5032254530996088,
            0.6886123376856821,
            0.7930412632708587,
            0.5530239698215594,
            0.7711836076148796,
            0.9918878274908209,
            0.4050573458614673,
            0.8263794639764744,
            0.6222349665606827,
            1.9358276931611278,
            0.5329438747487297,
            0.898119678847963,
            0.4563759762262409,
            1.0307173944562742,
            0.9528408275203237,
            1.1369989965076837,
            0.493645216981013,
            0.69693632795781
        ],