{
    "WT-M350": {
        "m1 to m1": [
            1.9918582261531839,
            3.4341406702654487
        ],
        "dcn to m1": [
            2.0076733831328095,
            1.4209639037695814
        ],
        "str to m1": [
            2.757170108351579,
            3.091243759061837
        ],
        "m1 to dcn": [
            2.227013750551723,
            2.9308427716009122
        ],
        "dcn to dcn": [
            1.3806505950451204,
            1.3601596609841553
        ],
        "str to dcn": [
            2.172978772272066,
            2.4094165287955023
        ],
        "m1 to str": [
            3.364439592803134,
            2.837341262313004
        ],
        "dcn to str": [
            2.0043725622700466,
            1.5587823531410008
        ],
        "str to str": [
            2.8891991731730022,
            2.8899519758268695
        ]
    },
    "WT-M355": {
        "m1 to m1": [
            1.5653592989055602,
            2.184276823121185,
            2.1280741087431205,
            1.6006741550445827,
            1.8877980107320453,
            1.9636257647625677,
            2.2987851954882834,
            2.9917255865258663,
            1.8450740964939594,
            3.0260653500810983,
            2.2298607694896457,
            2.2624617851930617,
            2.436851467545985
        ],
        "dcn to m1": [
            1.527554380166149,
            1.7252382196400455,
            2.0738197991290104,
            2.2325988601730415,
            1.4848021346301084,
            2.1548842793257146,
            2.691108602986433,
            2.2869563484195337,
            1.6461255644456054,
            1.6607757744772271,
            1.889377047656679,
            1.6361336967807583,
            1.4534534746109493
        ],
        "str to m1": [
            1.6444018557714268,
            1.6502033381393304,
            1.9325447420039097,
            1.8965979459231401,
            1.3242164180396896,
            2.0593252569661096,
            2.6362331226591587,
            1.6127277635840536,
            1.9018953191955266,
            2.447011662317969,
            2.2888700150147883,
            1.8790589584066755,
            2.4422825212834613
        ],
        "m1 to dcn": [
            1.5446961932419179,
            1.800814629941416,
            1.8077562179451596,
            1.7380147105832706,
            1.6269839815075198,
            1.8952460160138525,
            1.904247722761022,
            2.055165760378951,
            1.8082058824407534,
            1.8179094550256094,
            1.8566374573888782,
            2.1356345885452463,
            1.7265847356417705
        ],
        "dcn to dcn": [
            1.4707719805175288,
            1.573688550677669,
            1.7531644248929097,
            1.5583599308753735,
            1.8508104829377705,
            1.8174020512952072,
            2.3882136920820143,
            2.122046650522003,
            1.45168505417876,
            1.628486275288023,
            1.6332717029265535,
            1.3962289703713375,
            1.2872121073670937
        ],
        "str to dcn": [
            1.7225740313525364,
            1.6841114848024994,
            1.9337994275431485,
            1.548391300816958,
            1.503138245335868,
            1.8795206104223254,
            2.407643462500618,
            1.841552452690419,
            1.6049753869236016,
            1.8770652570212387,
            1.9268382470215408,
            1.8152270935996435,
            1.9828432883122096
        ],
        "m1 to str": [
            1.6774741667064716,
            1.7571112742809925,
            1.686087070635739,
            1.7932586398299244,
            1.5242138529715608,
            1.9142053173429872,
            2.2650058687564343,
            2.0414562354141275,
            1.940352508549301,
            2.585052030978329,
            2.7468329964646276,
            2.5292316993778634,
            1.8562948614893124
        ],
        "dcn to str": [
            1.6097879449792727,
            1.6636757563043358,
            2.217684422129063,
            1.7792409176192743,
            1.822639109539375,
            1.9423385766862702,
            2.4048404859403143,
            2.2510707797954845,
            1.4892679599394454,
            1.6279846110786824,
            2.1368437908984057,
            1.3495737861444268,
            1.3930292752465816
        ],
        "str to str": [
            1.6553230348452115,
            1.5967399359642367,
            2.0649827046945193,
            1.690729617178751,
            1.4157809442879092,
            1.8306900332251634,
            3.288866652811798,
            1.644966325669934,
            1.8292894605357197,
            2.1422308530257954,
            2.744784810412829,
            2.5907439858532797,
            2.5097838034695994
        ]
    },
    "AS-M351": {
        "m1 to m1": [
            2.97304133966428,
            3.9537621059921952,
            3.658536782126689,
            3.365910890718268,
            2.8999323592934205,
            3.763607491354338
        ],
        "dcn to m1": [
            2.111516206816546,
            2.7273564649078965,
            2.0632286219678053,
            3.1069779897915795,
            2.142475498703872,
            2.2353590427600003
        ],
        "str to m1": [
            2.293615122920536,
            2.3609803002076757,
            2.3881043241021014,
            3.2128225857627046,
            2.158343350741667,
            1.8716626962257223
        ],
        "m1 to dcn": [
            2.8710678775853666,
            3.5392752455525307,
            3.4389212210991777,
            3.4054555622379317,
            2.6947031998098288,
            3.13001708496822
        ],
        "dcn to dcn": [
            1.2488135227421244,
            1.1909976325200151,
            1.2796734235529357,
            1.2609112278498074,
            1.4393412500904472,
            1.4735491033983028
        ],
        "str to dcn": [
            2.014009162679615,
            2.1806681833461607,
            2.2716536877009186,
            3.2756774077139226,
            2.0351482884160643,
            1.5376902770978809
        ],
        "m1 to str": [
            2.7496628334159143,
            3.924344721597175,
            3.1614240674577148,
            2.5151848961482757,
            2.572996420739914,
            2.783683496184922
        ],
        "dcn to str": [
            1.8524376933991404,
            1.989762266593823,
            2.0868475057820994,
            2.1831988184494024,
            1.7770304918913955,
            1.5773493803688434
        ],
        "str to str": [
            2.5268414999249305,
            2.1300861413280923,
            2.145292452569926,
            3.6172719957621458,
            1.9705933566913065,
            1.7867535604730975
        ]
    },
    "AS-M354": {
        "m1 to m1": [
            2.0861447191449347,
            2.293506974734174,
            2.573982754117294,
            3.1095642771621836,
            4.337976704770299
        ],
        "dcn to m1": [
            1.979947709509697,
            1.7031685591042582,
            1.6781642307090825,
            1.6122879587092573,
            2.6561376053617476
        ],
        "str to m1": [
            2.7963161503417657,
            2.881350648265283,
            3.0318489451904083,
            2.740560457515732,
            2.437651846727422
        ],