{
    "WT-M350": {
        "m1 to m1": [
            0.342767824099971,
            0.6082584569084617,
            1.431297768828731,
            1.2637118519538175,
            0.9269013488310185,
            1.0381065770831728,
            2.4113869197060196
        ],
        "dcn to m1": [
            0.31113865163462867,
            0.6411478507930406,
            0.3958345302134576,
            0.7438432058981153,
            0.43134525512698857,
            0.54544180235327,
            0.82386021772345
        ],
        "str to m1": [
            0.22628281974324277,
            0.4881533735676216,
            0.21215767114651687,
            0.9572489554390458,
            0.41081950275928053,
            0.9930454950419882,
            1.6223323773185616
        ],
        "m1 to dcn": [
            0.4021635375043912,
            0.5189453175681304,
            1.6472116680831206,
            1.3052837548460456,
            0.6492309847709149,
            1.1384833642197778,
            2.277472718090309
        ],
        "dcn to dcn": [
            0.17402004187298853,
            0.2939572096819234,
            0.1755351832350806,
            0.18933334076700647,
            0.2566292595489127,
            0.3218134405090423,
            0.15492072810764215
        ],
        "str to dcn": [
            0.34519465058960813,
            0.6858937145212782,
            0.2855957478801524,
            0.8024677103573368,
            0.336242504345869,
            0.6191612790942725,
            1.6747641881438111
        ],
        "m1 to str": [
            0.6308307140443613,
            1.0782360332187306,
            1.249198546684199,
            0.8961646645905122,
            0.932335129142057,
            1.0885491862750156,
            2.582758361774226
        ],
        "dcn to str": [
            0.29764052871107216,
            0.6095085781948979,
            0.21451093918491104,
            0.5004881179273388,
            0.37317572250103476,
            0.1594343747153824,
            0.11524140322435708
        ],
        "str to str": [
            0.3416873001156806,
            0.47628241854426207,
            0.32342833268143517,
            0.5639706293372665,
            0.38103338230470857,
            0.8720214593942142,
            2.2283932973214413
        ]
    },
    "WT-M355": {
        "m1 to m1": [
            0.4542845264603495,
            0.47314003961554424,
            0.5301165847297241,
            0.681618048544642,
            0.9027437797512183,
            1.3097723366519078,
            0.8652296613355487,
            0.7460113966298059,
            0.744181195757894,
            0.824366858583239,
            1.1921041923212656,
            0.9041165245763261,
            1.1283400708730162,
            0.8836587138640927,
            1.0086495058741964,
            1.4001792203061572,
            1.1810581421155073
        ],
        "dcn to m1": [
            0.5004240524830258,
            0.34851985582291956,
            0.39188837635995766,
            0.44782610388245775,
            0.4425428908299084,
            0.6788478399818986,
            0.5005163494470722,
            0.6945301524338989,
            0.6866562738377563,
            0.8698748318919038,
            0.5729709532654227,
            0.8049727044661158,
            0.7021945471620546,
            0.44566852294275194,
            0.34505276929093154,
            0.4014845336316586,
            0.412074215959115
        ],
        "str to m1": [
            0.41850547358826845,
            0.320285441219395,
            1.0208515009013541,
            0.4056996894624598,
            0.7468350919221027,
            0.26227571081648865,
            0.33364372612846543,
            0.635316121350553,
            0.313492637165711,
            0.6960161284228135,
            1.2086825369480283,
            0.43069471010183363,
            0.566831014290803,
            0.9140500277798094,
            0.4639823620400021,
            0.8521596674316607,
            1.3945496425028727
        ],
        "m1 to dcn": [
            0.5738706816104695,
            0.3537422753277117,
            0.30690188885916925,
            0.57367783887164,
            0.6980786946505398,
            0.5433671050312964,
            0.4733301140849347,
            0.7336590501302267,
            0.4966424700726786,
            0.6545378519420406,
            0.8492975005314147,
            0.6062864158725683,
            0.6961967483810411,
            0.6500251890288776,
            0.8277698394497202,
            0.571564611573203,
            0.3647837180338138
        ],
        "dcn to dcn": [
            0.36713043995037875,
            0.3090321571368785,
            0.5674032428323086,
            0.38901741109757354,
            0.6374845273146849,
            0.3063687864303111,
            0.3690930798941113,
            0.895294267182316,
            0.41064097755632606,
            0.7944498471549013,
            0.27897560233222507,
            0.6217612903127261,
            0.5511279029924452,
            0.4847962172918891,
            0.28885365006630237,
            0.27120970360106805,
            0.22320297052402566
        ],
        "str to dcn": [
            0.5265383735414156,
            0.33479919680103093,
            0.709201715301591,
            0.34140849757439723,
            0.6800316376346036,
            0.20463357854929418,
            0.25767580123960754,
            0.5602420785572018,
            0.33033426800398424,
            0.6023567318442203,
            0.8790405422542281,
            0.43499567550535084,
            0.43495845894119023,
            0.6969681079518917,
            0.5505575452227911,
            0.501419382169178,
            0.9212225652485537
        ],
        "m1 to str": [
            0.20546357347839375,
            0.6051594974202543,
            0.6435512079655327,
            0.7123860142608123,
            0.5014265475391804,
            0.525669201774367,
            0.7093373232917606,
            0.52578200375634,
            0.7714605053654668,
            0.6172160096617878,
            0.9627199401474437,
            0.8812282502388191,
            0.8856917750454172,
            0.7979986482970378,
            1.346371842092869,
            0.8874596769149469,
            0.855535266768925
        ],
        "dcn to str": [
            0.2960583967368762,
            0.492324902131812,
            0.7103863377244286,
            0.263067286676901,
            0.3052296037674821,
            0.33809181785520304,
            0.42131638629568957,
            0.46978173917872823,
            0.48499843849637675,
            0.5575224934202806,
            0.5882751667371116,
            0.7323908104951745,
            0.4345651523509013,
            0.6327189783468637,
            0.545905848708177,
            0.29753194835769997,
            0.6694748804138015
        ],
        "str to str": [
            0.7327388168809722,
            0.3550692671493989,
            0.9717843135422098,
            0.3007957515023886,
            0.8060856384505788,
            0.3431938972989085,
            0.22387770655761513,
            0.55596034613146,
            0.26634797468316346,
            0.6840201247788176,
            1.2664126770343465,
            0.27950838243337744,
            0.5054701982956207,
            1.0085532550932632,
            0.9220516282926906,
            0.3564071461192285,
            0.9831388371561769
        ]
    },