{
    "WT-M350": {
        "m1 to m1": [
            0.8641118776520166,
            1.7844665786548222
        ],
        "dcn to m1": [
            0.6317793321655243,
            0.14767303837020435
        ],
        "str to m1": [
            0.5663405286676068,
            1.1973826559538483
        ],
        "m1 to dcn": [
            0.9323635657118268,
            1.3096470645030842
        ],
        "dcn to dcn": [
            0.17347834159410355,
            0.12767147335891388
        ],
        "str to dcn": [
            0.37219124785330465,
            0.9401024376709707
        ],
        "m1 to str": [
            1.6522201631611406,
            1.2725324705662564
        ],
        "dcn to str": [
            0.4634974200829358,
            0.2757957751205911
        ],
        "str to str": [
            0.4807858044527282,
            1.0977802574031756
        ]
    },
    "WT-M355": {
        "m1 to m1": [
            0.2989773240301809,
            0.8549646020004866,
            0.7829343457746133,
            0.4520508164155623,
            0.7063700765080114,
            0.7250032442526029,
            0.836971259712619,
            1.548711358752731,
            0.5041743832399218,
            1.3431166663196947,
            0.9466078983428822,
            0.9224481884431879,
            0.9104245157831911
        ],
        "dcn to m1": [
            0.39809477189230114,
            0.4422831155871609,
            0.6092650304599078,
            0.8740115733706139,
            0.33793162170561414,
            0.8517070731502678,
            1.2928374455377714,
            0.7875732098330257,
            0.446848955167431,
            0.455892852019309,
            0.6146087734584746,
            0.3764749442947363,
            0.20984743813808732
        ],
        "str to m1": [
            0.32442054753727906,
            0.33077374424592143,
            0.40321660458386555,
            0.6376592547784649,
            0.25939202663246386,
            0.5584096504864795,
            0.8164528719411208,
            0.4826543687132794,
            0.46656974217620234,
            0.5374192722160531,
            0.5994660613775686,
            0.3761036297889177,
            0.6110966417167651
        ],
        "m1 to dcn": [
            0.2877138327548504,
            0.5439326759197535,
            0.57055204985969,
            0.5954472519800021,
            0.5153865929931756,
            0.6875673038314741,
            0.5830046619888427,
            0.8124461083089619,
            0.522284447863815,
            0.5831101058207541,
            0.6535086036829528,
            0.7519868533728089,
            0.4562534831102188
        ],
        "dcn to dcn": [
            0.39163901509724297,
            0.2999057504267625,
            0.40697885353221847,
            0.36811407931304746,
            0.6572454772555755,
            0.6237709567898501,
            0.9748331248563445,
            0.7111403997668857,
            0.3476639307830713,
            0.514534721504967,
            0.48579559613790785,
            0.16874245883164135,
            0.13915880978781014
        ],
        "str to dcn": [
            0.33379819392449456,
            0.28877507839982586,
            0.3980640344650084,
            0.2462238418659842,
            0.3799691217739752,
            0.4667891652901486,
            0.828121440815575,
            0.622424352630791,
            0.35692707887459524,
            0.3703392098033758,
            0.5694369977962892,
            0.35262302346611746,
            0.3771556212119755
        ],
        "m1 to str": [
            0.5010663142257662,
            0.5207421214547425,
            0.5070403260355046,
            0.6066779379437797,
            0.42416380039129337,
            0.6859770726784312,
            0.9962908888758759,
            0.8264551530880334,
            0.6415318006181396,
            1.1281708645576047,
            1.262424432051027,
            0.8737547092652531,
            0.5376956182860837
        ],
        "dcn to str": [
            0.39445784777694326,
            0.3701751964937144,
            0.49976619698058083,
            0.5260977730249847,
            0.5295617419073,
            0.64341057952125,
            1.1005160361034039,
            0.8234838058721655,
            0.31667546321625784,
            0.4391570296808696,
            0.7458981280026062,
            0.1517603467357042,
            0.2171204850718938
        ],
        "str to str": [
            0.3385844305890865,
            0.24289977248554767,
            0.5401017326968492,
            0.2786127654933015,
            0.27056853177572265,
            0.4341450063637827,
            1.1188840576275696,
            0.47604403464608913,
            0.33477037794031134,
            0.47940683540740364,
            0.5966753965620633,
            0.600342941667405,
            0.5674927542036274
        ]
    },
    "AS-M351": {
        "m1 to m1": [
            1.4024946763295918,
            2.155831518393603,
            2.161274407261785,
            1.597868369779915,
            1.3644062414849478,
            2.002076950601043
        ],
        "dcn to m1": [
            0.9942798079620395,
            1.545475966056268,
            0.9256753486464666,
            1.5885396142048342,
            0.8903377203965451,
            0.8738534299276167
        ],
        "str to m1": [
            0.47807444407081984,
            1.1202291171867274,
            0.8576285987874279,
            1.1982601188769393,
            0.8251329715443607,
            0.46827164526514076
        ],
        "m1 to dcn": [
            1.2749291748315137,
            2.231673276313885,
            1.97342549212678,
            1.6691322758149825,
            1.428973091192784,
            1.5538912433528838
        ],
        "dcn to dcn": [
            0.11575717735203113,
            0.1125018828613663,
            0.19600002878060013,
            0.1894024208413108,
            0.38695387851516183,
            0.45150594273241196
        ],
        "str to dcn": [
            0.3682135233975026,
            1.0388547292441324,
            0.9037292776552368,
            1.2617997833336745,
            0.8091142779569159,
            0.2544589006047261
        ],
        "m1 to str": [
            1.2027523782603229,
            2.329342143282541,
            1.8514131055758005,
            0.9533835333911435,
            1.2227817035519577,
            1.4718346975829448
        ],
        "dcn to str": [
            0.5304455191993421,
            0.822269036787515,
            0.8513363432134284,
            0.659985525435625,
            0.6916426444033114,
            0.47712544427661163
        ],
        "str to str": [
            0.5952452904491428,
            1.0009239730767094,
            0.7266358638663855,
            1.4846992451838124,
            0.8596353297003569,
            0.5446122419171557
        ]
    },
    "AS-M354": {
        "m1 to m1": [
            0.819270040571405,
            1.1100584798792927,
            1.235383453908496,
            1.4105639073508938,
            2.635353393766885
        ],
        "dcn to m1": [
            0.8145454612256515,
            0.6240188796228459,
            0.5426243547849947,
            0.5048297620402046,
            1.4041978830328594
        ],
        "str to m1": [
            1.21034795774253,
            1.7638015949819132,
            1.7158356223520392,
            1.146316697862951,
            1.1117694055230285
        ],