{
    "WT-M350": {
        "m1 to m1": [
            0.3842258651689994,
            0.7942176861204325,
            0.4698872880759329,
            1.3590812218976769,
            1.942254698831517,
            1.6391402031996896,
            1.921454502339162
        ],
        "dcn to m1": [
            0.4969212156658404,
            0.7118617598383411,
            0.07593143068833848,
            0.8080495122237343,
            0.5300407421891852,
            1.0287948131575742,
            0.7717933998831827
        ],
        "str to m1": [
            0.28628679665274626,
            0.43551232619555585,
            0.33298004127267355,
            1.293499320283389,
            0.8007047917112807,
            1.5546330839158515,
            1.5537250132116605
        ],
        "m1 to dcn": [
            0.7175219078552465,
            0.9418467899973252,
            1.2482759912137142,
            1.4950286418058356,
            1.4656865942144424,
            1.1026275742650784,
            2.409555707473177
        ],
        "dcn to dcn": [
            0.19407665789947467,
            0.2824310436642388,
            0.19253141969250623,
            0.18751685220622483,
            0.15865958130416555,
            0.43139719323252246,
            0.27893994290391855
        ],
        "str to dcn": [
            0.4063451012272187,
            0.9073136767055073,
            0.42989638223110993,
            0.8307736718936706,
            0.7106747374214144,
            0.8032406616782947,
            1.5162026645105176
        ],
        "m1 to str": [
            0.5959371035685614,
            0.6144304955207196,
            0.9249664697791253,
            1.1873210616772152,
            1.2491791986817646,
            1.1256944149688108,
            1.839612004464612
        ],
        "dcn to str": [
            0.15042965601007827,
            0.5391364314719544,
            0.14302673033777621,
            0.6462901313519894,
            0.4262564116365696,
            0.34897723200855274,
            0.6878812866328491
        ],
        "str to str": [
            0.43382257302451566,
            0.5864207367977555,
            0.1720609179138303,
            0.7002865351803692,
            0.6163769333717043,
            0.7733614955830238,
            1.473157925655412
        ]
    },
    "WT-M355": {
        "m1 to m1": [
            0.35602129781072744,
            0.6449851742594002,
            1.1063401348779687,
            0.8402476077841972,
            0.6986879809341727,
            0.846545301882018,
            1.015912792210937,
            0.6609000939158595,
            0.6882813422634985,
            0.8552334380793909,
            1.0316598834348971,
            1.1572235911945221,
            1.1975584681495541,
            1.160032556462215,
            0.34977063304530415,
            1.3488378375294179,
            1.3254979596224816,
            1.1050299992416266,
            1.0508316255118633,
            0.9283128893230451
        ],
        "dcn to m1": [
            0.5690694539121499,
            0.2790435041894599,
            0.6966267246716223,
            0.4629685218824722,
            0.7024674036137165,
            0.07491815876915203,
            0.6012600514274722,
            1.1623369820379428,
            0.7753551506517559,
            0.9509774504633152,
            0.5668091674992822,
            0.5666274435009621,
            1.3269134154474196,
            0.8708391369779626,
            0.40910025330326377,
            0.5797552566749613,
            0.4703117006500487,
            0.42179507877532835,
            0.3758971901632554,
            0.2766135857141583
        ],
        "str to m1": [
            0.3764437731624639,
            0.454517725576557,
            1.780517948250628,
            0.41203755833411876,
            0.4666582998810013,
            0.30886774844999904,
            0.2240963042009223,
            0.5836076374225051,
            0.40841164966527754,
            0.5423783259481322,
            1.1999408905395073,
            0.8086744353409747,
            0.797056486883599,
            0.44642495641859703,
            0.7954673893478288,
            0.5960168859867876,
            0.7534249047501426,
            0.43517950369726105,
            0.650898261594929,
            1.0831564204347435
        ],
        "m1 to dcn": [
            0.3099325803323503,
            0.4501704802634604,
            0.47566815638187343,
            0.5616581825541648,
            0.6445198321810947,
            0.5165701501676796,
            0.4843845820795424,
            1.180522887123336,
            0.42215691833931934,
            0.8272500272362767,
            0.6568426956931696,
            1.574787097789446,
            1.4347639275721575,
            0.731459904224185,
            0.5833472332479407,
            0.7095971072823598,
            0.639266794844747,
            0.8786046620115202,
            0.6960760254001294,
            0.7675710791491125
        ],
        "dcn to dcn": [
            0.4195375745773683,
            0.31334764559000816,
            0.39833491540080573,
            0.3532822200476918,
            0.47343519546934676,
            0.07755857855950574,
            0.6715156947231373,
            1.1035042738241152,
            0.45602895978209645,
            0.8176658112342583,
            0.26772258735372323,
            0.35582242221275345,
            1.3125433903475883,
            0.8347576513340486,
            0.3177659705039314,
            0.4501072235255113,
            0.4083762890569107,
            0.20103401901094065,
            0.2622345001568515,
            0.2935698275621809
        ],
        "str to dcn": [
            0.41821233804035945,
            0.3539310882784719,
            1.0025801772109226,
            0.4049468694217247,
            0.6745146288909463,
            0.3345040754295631,
            0.36039114946303363,
            0.7487586788253763,
            0.3427490049872772,
            0.5635836004177016,
            1.004618335099659,
            0.8145193237987538,
            0.5625371705707912,
            0.5271911371464991,
            0.42693504668877774,
            0.43340524567194555,
            0.5928974759508848,
            0.2615164741419621,
            0.44906105502693205,
            1.0490284480547134
        ],
        "m1 to str": [
            0.3476834066674666,
            0.8006781922315367,
            0.8767930067717316,
            0.48880680355931894,
            0.7686582265113442,
            0.7971047353921893,
            0.3636288188622454,
            0.9758535778025483,
            0.5365301255570534,
            0.6152532423517444,
            0.9367625967559,
            0.9647944124198788,
            0.6507599488001486,
            0.5787917653807482,
            0.6295216615182616,
            0.920444959864731,
            0.9697723064949527,
            0.9947777472845226,
            1.0826011260681867,
            1.1066404661406457
        ],